EC#,Strain,Sequence_infill,Sequence,Avg_OD600,Avg_GFP,Avg_RFP,Rel_RFP
33,pClone_GFP,CGATGGTGTCAACGTAAATGCATGCCGCTGGTCTCT,AATACTAGAGGTCTTCCGACTCCGGGCGCTATCATGCCATACCGCGAAAGGTTTTGCACCATTCGT,0.178331115,515540,5791.16667,32474
65,high_dG (low_expr),CCCCTATTTCCTATTTCTGTAGTCATAGGGTGTT,AATACTAGAGGTCTTCCGACCCCCTATTTCCTATTTCTGTAGTCATAGGGTGTTGCGGGAAGACAACTAGGGG,0.173887605,438967,44936.6667,258424
100,p500,TGACAAACCCTCTCACCCTTTATAAGTGGCGTGTGG,AATACTAGAGGTCTTCCGACTGACAAACCCTCTCACCCTTTATAAGTGGCGTGTGGGCGGGAAGACAACTAGGGG,0.094666715,1157388,62542.1667,660656
34,P533A,TTAACAATTAATCATCCGGCTCGTAATTTATGTGGA,AATACTAGAGGTCTTCCGACTTAACAATTAATCATCCGGCTCGTAATTTATGTGGAGCGGGAAGACAACTAGGGG,0.091952625,446388,64155.1667,697698
96,p125,CTATTCTCTTGACCCGGTTCCTTGCGTGAGGTGTGG,AATACTAGAGGTCTTCCGACGCATTCGTATTTGGCCCCCCCAAATGTTGGGTGTGGGCGGGAAGACAACTAGGGG,0.097604045,1055924,70304.6667,720305
98,p375,TTCTCACTTCAGCAGAAGCTGTGTACACAAGTGTGG,AATACTAGAGGTCTTCCGACTTCTCACTTCAGCAGAAGCTGTGTACACAAGTGTGGGCGGGAAGACAACTAGGGG,0.066548685,318308,49173.6667,738913
62,Lac,TTTACACTTTATGCTTCCGGCTCGTATGTTGTGTGG,AATACTAGAGGTCTTCCGACTTTACACTTTATGCTTCCGGCTCGTATGTTGTGTGGGCGGGAAGACAACTAGGGG,0.2895042,481304,266700.667,921232
97,p250,TAAATAGGACTGGTGCAAGCCGACGATGGCGTGTGG,AATACTAGAGGTCTTCCGACTAAATAGGACTGGTGCAAGCCGACGATGGCGTGTGGGCGGGAAGACAACTAGGGG,0.086587315,291317,81836.1667,945129
112,p750 (del_22A),TTGACTTCTATATTATATTAG_TAAACTATGTGTGG,AATACTAGAGGTCTTCCGACTTGACTTCTATATTATATTAG_TAAACTATGTGTGGGCGGGAAGACAACTAGGGG,0.19792228,165772,323870.167,1636350
36,OsmY,CCCGAGCGGTTTCAAAATTGTGATCTATATTTAACAAA,ATACTAGAGGTCTTCCGACCCCGAGCGGTTTCAAAATTGTGATCTATATTTAACAAAGCGGGAAGACAACTAGGGG,0.0693878,1902548,126919.167,1829128
64,med_dG (med_expr),AAGACGCTATTTCCTATTTCTCTTATAATTTGTGTT,AATACTAGAGGTCTTCCGACAAGACGCTATTTCCTATTTCTCTTATAATTTGTGTTGCGGGAAGACAACTAGGGG,0.105417,356968,200076.167,1897950
35,P5,TTGACAATTAATCATCCGGCTCGTAATTTATGTGGA,AATACTAGAGGTCTTCCGACTTGACAATTAATCATCCGGCTCGTAATTTATGTGGAGCGGGAAGACAACTAGGGG,0.163668695,139190,353329.667,2158810
37,OsmY_C12A,CCCGAGCGGTTTCAAAATTGTGATATATATTTAACAAA,TACTAGAGGTCTTCCGACCCCGAGCGGTTTCAAAATTGTGATATATATTTAACAAAGCGGGAAGACAACTAGGGG,0.084288015,2120625,221796.167,2631408
105,p650,TTTGAAAATATATTATTGTATATATATTATGTGTGG,AATACTAGAGGTCTTCCGACTTTGAAAATATATTATTGTATATATATTATGTGTGGGCGGGAAGACAACTAGGGG,0.083783325,278377,319965.167,3818960
106,p700 (del_21C),TTGACTTATAAAATATATTG_ATATAAACTGTGTGG,AATACTAGAGGTCTTCCGACTTGACTTATAAAATATATTG_ATATAAACTGTGTGGGCGGGAAGACAACTAGGGG,0.155232095,153882,638275.667,4111751
99,p625,ATTTCAAACTGATACTGATATATAATTCTCGTGTGG,AATACTAGAGGTCTTCCGACATTTCAAACTGATACTGATATATAATTCTCGTGTGGGCGGGAAGACAACTAGGGG,0.085702335,336592,436439.167,5092500
101,p750,TTGACTAGGATGATATAATGTATACTTTCCGTGTGG,AATACTAGAGGTCTTCCGACTTGACTAGGATGATATAATGTATACTTTCCGTGTGGGCGGGAAGACAACTAGGGG,0.105689025,224842,615273.667,5821547
104,p600,TTGAAATAAGGAATATATTATTTTAACATGGTGTGG,AATACTAGAGGTCTTCCGACTTGAAATAAGGAATATATTATTTTAACATGGTGTGGGCGGGAAGACAACTAGGGG,0.08186755,540921,660400.167,8066690
102,p875,TTGACAAAGAGGTTATAATTTATACTATCCGTGTGG,AATACTAGAGGTCTTCCGACTTGACAAAGAGGTTATAATTTATACTATCCGTGTGGGCGGGAAGACAACTAGGGG,0.03686825,145249,304914.167,8270373
107,p750 (del_19T),TTGACTTCTATATTATAT_AGATAAACTATGTGTGG,AATACTAGAGGTCTTCCGACTTGACTTCTATATTATAT_AGATAAACTATGTGTGGGCGGGAAGACAACTAGGGG,0.072454615,229910,673837.167,9300128
108,p800,TTGACGGGTATATTATACTGTATACTATCAGTGTGG,AATACTAGAGGTCTTCCGACTTGACGGGTATATTATACTGTATACTATCAGTGTGGGCGGGAAGACAACTAGGGG,0.030801885,156430,427826.167,13889610
103,p1000 (del_23T),TTGACAAGGAGGTTATAATTTA_AATAATAGTGTGG,AATACTAGAGGTCTTCCGACTTGACAAGGAGGTTATAATTTA_AATAATAGTGTGGGCGGGAAGACAACTAGGGG,0.12100789,150076,2120074.17,17520132
63,low_dG (high_expr),TTGACACTATTTCCTATTTCTCTTATAATTTGTGTT,AATACTAGAGGTCTTCCGACTTGACACTATTTCCTATTTCTCTTATAATTTGTGTTGCGGGAAGACAACTAGGGG,0.01948814,111857,392815.167,20156627
109,p1000 (del_22A),TTGACAAGGAGGTTATAATTT_TAATAATAGTGTGG,AATACTAGAGGTCTTCCGACTTGACAAGGAGGTTATAATTT_TAATAATAGTGTGGGCGGGAAGACAACTAGGGG,0.022495445,125255,660723.167,29371420
