UP,h35,spacs,h10,disc,ITR,Promoter Sequence
TTTTCTATCTACGTAC,TTGACA,CTATTTCCTATTTCTCT,TATAAT,TTGTGTT,CTCTACCTTAGTTTGTACGTT,TTTTCTATCTACGTACTTGACACTATTTCCTATTTCTCTTATAATTTGTGTTCTCTACCTTAGTTTGTACGTT
TTTTCTATCTACGTAC,GAATGC,CTATTTCCTATTTCTCT,TATAAT,TTGTGTT,CTCTACCTTAGTTTGTACGTT,TTTTCTATCTACGTACGAATGCCTATTTCCTATTTCTCTTATAATTTGTGTTCTCTACCTTAGTTTGTACGTT
TTTTCTATCTACGTAC,TCACAT,CTATTTCCTATTTCTCT,TATAAT,TTGTGTT,CTCTACCTTAGTTTGTACGTT,TTTTCTATCTACGTACTCACATCTATTTCCTATTTCTCTTATAATTTGTGTTCTCTACCTTAGTTTGTACGTT
TTTTCTATCTACGTAC,TGCACC,CTATTTCCTATTTCTCT,TATAAT,TTGTGTT,CTCTACCTTAGTTTGTACGTT,TTTTCTATCTACGTACTGCACCCTATTTCCTATTTCTCTTATAATTTGTGTTCTCTACCTTAGTTTGTACGTT
TTTTCTATCTACGTAC,TCATCT,CTATTTCCTATTTCTCT,TATAAT,TTGTGTT,CTCTACCTTAGTTTGTACGTT,TTTTCTATCTACGTACTCATCTCTATTTCCTATTTCTCTTATAATTTGTGTTCTCTACCTTAGTTTGTACGTT
TTTTCTATCTACGTAC,TTGACA,CTATTTCCTATTTCTCT,TATAAT,TATACT,CTCTACCTTAGTTTGTACGTT,TTTTCTATCTACGTACTTGACACTATTTCCTATTTCTCTTATAATTATACTCTCTACCTTAGTTTGTACGTT
TTTTCTATCTACGTAC,TTGACA,CTATTTCCTATTTCTCT,TATAAT,GGACGG,CTCTACCTTAGTTTGTACGTT,TTTTCTATCTACGTACTTGACACTATTTCCTATTTCTCTTATAATGGACGGCTCTACCTTAGTTTGTACGTT
TTTTCTATCTACGTAC,TTGACA,CTATTTCCTATTTCTCT,TATAAT,TAGGGT,CTCTACCTTAGTTTGTACGTT,TTTTCTATCTACGTACTTGACACTATTTCCTATTTCTCTTATAATTAGGGTCTCTACCTTAGTTTGTACGTT
TTTTCTATCTACGTAC,TTGACA,CTATTTCCTATTTCTCT,TATAAT,TACATA,CTCTACCTTAGTTTGTACGTT,TTTTCTATCTACGTACTTGACACTATTTCCTATTTCTCTTATAATTACATACTCTACCTTAGTTTGTACGTT
