upstream_of_h35,h35,spacer,h10,downstream_of_h10,promoter,Observed log(TX/Txref)
TTTCAGATAAAAAAAATCCTTAGCTTTCGCTAAGGATGATTTCTGGAATTCGCGGCCGCATCTAGAG,CTGATA,GCTAGCTCAGTCCTAGG,GATTAT,GCTAGCTACTAGTGAAAGAGGAGAAATACTAGATG,CTGATAGCTAGCTCAGTCCTAGGGATTATGCTAGC,-2.833213344056216
TTTCAGATAAAAAAAATCCTTAGCTTTCGCTAAGGATGATTTCTGGAATTCGCGGCCGCATCTAGAG,CTGATG,GCTAGCTCAGTCCTAGG,GATTAT,GCTAGCTACTAGTGAAAGAGGAGAAATACTAGATG,CTGATGGCTAGCTCAGTCCTAGGGATTATGCTAGC,-3.044522437723423
TTTCAGATAAAAAAAATCCTTAGCTTTCGCTAAGGATGATTTCTGGAATTCGCGGCCGCATCTAGAG,TTTACA,GCTAGCTCAGTCCTAGG,GACTGT,GCTAGCTACTAGTGAAAGAGGAGAAATACTAGATG,TTTACAGCTAGCTCAGTCCTAGGGACTGTGCTAGC,-4.663439094112067
TTTCAGATAAAAAAAATCCTTAGCTTTCGCTAAGGATGATTTCTGGAATTCGCGGCCGCATCTAGAG,TTGACA,GCTAGCTCAGTCCTAGG,GATTGT,GCTAGCTACTAGTGAAAGAGGAGAAATACTAGATG,TTGACAGCTAGCTCAGTCCTAGGGATTGTGCTAGC,-5.087596335232384
TTTCAGATAAAAAAAATCCTTAGCTTTCGCTAAGGATGATTTCTGGAATTCGCGGCCGCATCTAGAG,TTTATG,GCTAGCTCAGTCCTAGG,TACAAT,GCTAGCTACTAGTGAAAGAGGAGAAATACTAGATG,TTTATGGCTAGCTCAGTCCTAGGTACAATGCTAGC,-5.545177444479562
TTTCAGATAAAAAAAATCCTTAGCTTTCGCTAAGGATGATTTCTGGAATTCGCGGCCGCATCTAGAG,TTTATA,GCTAGCTCAGTCCTAGG,TACAAT,GCTAGCTACTAGTGAAAGAGGAGAAATACTAGATG,TTTATAGCTAGCTCAGTCCTAGGTACAATGCTAGC,-5.958424693029782
TTTCAGATAAAAAAAATCCTTAGCTTTCGCTAAGGATGATTTCTGGAATTCGCGGCCGCATCTAGAG,TTGACA,GCTAGCTCAGTCCTAGG,GACTAT,GCTAGCTACTAGTGAAAGAGGAGAAATACTAGATG,TTGACAGCTAGCTCAGTCCTAGGGACTATGCTAGC,-5.981414211254481
TTTCAGATAAAAAAAATCCTTAGCTTTCGCTAAGGATGATTTCTGGAATTCGCGGCCGCATCTAGAG,TTTACG,GCTAGCTCAGTCCTAGG,TACTAT,GCTAGCTACTAGTGAAAGAGGAGAAATACTAGATG,TTTACGGCTAGCTCAGTCCTAGGTACTATGCTAGC,-6.434546518787453
TTTCAGATAAAAAAAATCCTTAGCTTTCGCTAAGGATGATTTCTGGAATTCGCGGCCGCATCTAGAG,TTTACG,GCTAGCTCAGTCCTAGG,TACAAT,GCTAGCTACTAGTGAAAGAGGAGAAATACTAGATG,TTTACGGCTAGCTCAGTCCTAGGTACAATGCTAGC,-6.738152494595957
TTTCAGATAAAAAAAATCCTTAGCTTTCGCTAAGGATGATTTCTGGAATTCGCGGCCGCATCTAGAG,TTTACG,GCTAGCTCAGTCCTAGG,TATTAT,GCTAGCTACTAGTGAAAGAGGAGAAATACTAGATG,TTTACGGCTAGCTCAGTCCTAGGTATTATGCTAGC,-6.811244378601294
TTTCAGATAAAAAAAATCCTTAGCTTTCGCTAAGGATGATTTCTGGAATTCGCGGCCGCATCTAGAG,TTTACG,GCTAGCTCAGTCCTAGG,TATAGT,GCTAGCTACTAGTGAAAGAGGAGAAATACTAGATG,TTTACGGCTAGCTCAGTCCTAGGTATAGTGCTAGC,-7.077498053569231
TTTCAGATAAAAAAAATCCTTAGCTTTCGCTAAGGATGATTTCTGGAATTCGCGGCCGCATCTAGAG,CTGACA,GCTAGCTCAGTCCTAGG,TATAAT,GCTAGCTACTAGTGAAAGAGGAGAAATACTAGATG,CTGACAGCTAGCTCAGTCCTAGGTATAATGCTAGC,-7.172424577124845
TTTCAGATAAAAAAAATCCTTAGCTTTCGCTAAGGATGATTTCTGGAATTCGCGGCCGCATCTAGAG,TTGACG,GCTAGCTCAGTCCTAGG,TATTGT,GCTAGCTACTAGTGAAAGAGGAGAAATACTAGATG,TTGACGGCTAGCTCAGTCCTAGGTATTGTGCTAGC,-7.264730177929867
TTTCAGATAAAAAAAATCCTTAGCTTTCGCTAAGGATGATTTCTGGAATTCGCGGCCGCATCTAGAG,TTGACG,GCTAGCTCAGTCCTAGG,TATAGT,GCTAGCTACTAGTGAAAGAGGAGAAATACTAGATG,TTGACGGCTAGCTCAGTCCTAGGTATAGTGCTAGC,-7.304515946460155
TTTCAGATAAAAAAAATCCTTAGCTTTCGCTAAGGATGATTTCTGGAATTCGCGGCCGCATCTAGAG,TTTACA,GCTAGCTCAGTCCTAGG,TATTAT,GCTAGCTACTAGTGAAAGAGGAGAAATACTAGATG,TTTACAGCTAGCTCAGTCCTAGGTATTATGCTAGC,-7.490529402060711
TTTCAGATAAAAAAAATCCTTAGCTTTCGCTAAGGATGATTTCTGGAATTCGCGGCCGCATCTAGAG,TTGACA,GCTAGCTCAGTCCTAGG,TATTGT,GCTAGCTACTAGTGAAAGAGGAGAAATACTAGATG,TTGACAGCTAGCTCAGTCCTAGGTATTGTGCTAGC,-7.5126175446745105
TTTCAGATAAAAAAAATCCTTAGCTTTCGCTAAGGATGATTTCTGGAATTCGCGGCCGCATCTAGAG,TTGACA,GCTAGCTCAGTCCTAGG,TACTGT,GCTAGCTACTAGTGAAAGAGGAGAAATACTAGATG,TTGACAGCTAGCTCAGTCCTAGGTACTGTGCTAGC,-7.68662133494462
TTTCAGATAAAAAAAATCCTTAGCTTTCGCTAAGGATGATTTCTGGAATTCGCGGCCGCATCTAGAG,TTGACG,GCTAGCTCAGTCCTAGG,TACAGT,GCTAGCTACTAGTGAAAGAGGAGAAATACTAGATG,TTGACGGCTAGCTCAGTCCTAGGTACAGTGCTAGC,-7.842671474979457
